Overall rank,Country or region,Score,GDP per capita,Social support,Healthy life expectancy,Freedom to make life choices,Perceptions of corruption,Generosity,Continent,Year
154,Afghanistan,3.203,0.35,0.517,0.361,0,0.025,0.158,Asia,2019
145,Afghanistan,3.632,0.332,0.537,0.255,0.085,0.036,0.191,Asia,2018
141,Afghanistan,3.79399991,0.40147722,0.58154333,0.18074678,0.10617952,0.06115783,0.31187093,Asia,2017
154,Afghanistan,3.36,0.38227,0.11037,0.17344,0.1643,0.07112,0.31268,Asia,2016
153,Afghanistan,3.575,0.31982,0.30285,0.30335,0.23414,0.09719,0.3651,Asia,2015
107,Albania,4.719,0.947,0.848,0.874,0.383,0.027,0.178,Europe,2019
112,Albania,4.586,0.916,0.817,0.79,0.419,0.032,0.149,Europe,2018
109,Albania,4.64400005,0.99619275,0.80368525,0.73115975,0.38149863,0.03986422,0.20131294,Europe,2017
109,Albania,4.655,0.9553,0.50163,0.73007,0.31866,0.05301,0.1684,Europe,2016
95,Albania,4.959,0.87867,0.80434,0.81325,0.35733,0.06413,0.14272,Europe,2015
88,Algeria,5.211,1.002,1.16,0.785,0.086,0.114,0.073,Africa,2019
84,Algeria,5.295,0.979,1.154,0.687,0.077,0.135,0.055,Africa,2018
53,Algeria,5.87200022,1.09186447,1.14621747,0.61758465,0.23333581,0.14609611,0.06943665,Africa,2017
38,Algeria,6.355,1.05266,0.83309,0.61804,0.21006,0.16157,0.07044,Africa,2016
68,Algeria,5.605,0.93929,1.07772,0.61766,0.28579,0.17383,0.07822,Africa,2015
142,Angola,3.795,0.73,1.125,0.269,0,0.061,0.079,Africa,2018
140,Angola,3.79500008,0.85842818,1.10441196,0.04986867,0,0.06972034,0.09792649,Africa,2017
141,Angola,3.866,0.84731,0.66366,0.04991,0.00589,0.08434,0.12071,Africa,2016
137,Angola,4.033,0.75778,0.8604,0.16683,0.10384,0.07122,0.12344,Africa,2015
47,Argentina,6.086,1.092,1.432,0.881,0.471,0.05,0.066,South America,2019
29,Argentina,6.388,1.073,1.468,0.744,0.57,0.054,0.062,South America,2018
24,Argentina,6.59899998,1.18529546,1.44045115,0.69513708,0.4945192,0.05973989,0.10945706,South America,2017
26,Argentina,6.65,1.15137,1.06612,0.69711,0.42284,0.07296,0.10989,South America,2016
30,Argentina,6.574,1.05351,1.24823,0.78723,0.44974,0.08484,0.11451,South America,2015
116,Armenia,4.559,0.85,1.055,0.815,0.283,0.064,0.095,Asia,2019
129,Armenia,4.321,0.816,0.99,0.666,0.26,0.028,0.077,Asia,2018
121,Armenia,4.37599993,0.90059674,1.00748372,0.63752443,0.19830327,0.02667442,0.08348809,Asia,2017
121,Armenia,4.36,0.86086,0.62477,0.64083,0.14037,0.03616,0.07793,Asia,2016
127,Armenia,4.35,0.76821,0.77711,0.7299,0.19847,0.039,0.07855,Asia,2015
11,Australia,7.228,1.372,1.548,1.036,0.557,0.29,0.332,Oceania,2019
10,Australia,7.272,1.34,1.573,0.91,0.647,0.302,0.361,Oceania,2018
10,Australia,7.28399992,1.48441494,1.51004195,0.84388679,0.60160738,0.30118373,0.47769925,Oceania,2017
9,Australia,7.313,1.44443,1.10476,0.8512,0.56837,0.32331,0.47407,Oceania,2016
10,Australia,7.284,1.33358,1.30923,0.93156,0.65124,0.35637,0.43562,Oceania,2015
10,Austria,7.246,1.376,1.475,1.016,0.532,0.226,0.244,Europe,2019
12,Austria,7.139,1.341,1.504,0.891,0.617,0.224,0.242,Europe,2018
13,Austria,7.00600004,1.48709726,1.45994496,0.81532842,0.56776619,0.22106037,0.31647232,Europe,2017
12,Austria,7.119,1.45038,1.08383,0.80565,0.54355,0.21348,0.32865,Europe,2016
13,Austria,7.2,1.33723,1.29704,0.89042,0.62433,0.18676,0.33088,Europe,2015
90,Azerbaijan,5.208,1.043,1.147,0.769,0.351,0.182,0.035,Europe,2019
87,Azerbaijan,5.201,1.024,1.161,0.603,0.43,0.176,0.031,Europe,2018
85,Azerbaijan,5.23400021,1.15360177,1.15240026,0.54077578,0.39815584,0.18098751,0.04526934,Europe,2017
81,Azerbaijan,5.291,1.12373,0.76042,0.54504,0.35327,0.17914,0.0564,Europe,2016
80,Azerbaijan,5.212,1.02389,0.93793,0.64045,0.3703,0.16065,0.07799,Europe,2015
37,Bahrain,6.199,1.362,1.368,0.871,0.536,0.11,0.255,Asia,2019
43,Bahrain,6.105,1.338,1.366,0.698,0.594,0.123,0.243,Asia,2018
41,Bahrain,6.08699989,1.48841226,1.32311046,0.65313303,0.53674692,0.25704217,0.17266849,Asia,2017
42,Bahrain,6.218,1.44024,0.94397,0.65696,0.47375,0.25772,0.17147,Asia,2016
49,Bahrain,5.96,1.32376,1.21624,0.74716,0.45492,0.306,0.17362,Asia,2015
125,Bangladesh,4.456,0.562,0.928,0.723,0.527,0.143,0.166,Asia,2019
115,Bangladesh,4.5,0.532,0.85,0.579,0.58,0.144,0.153,Asia,2018
110,Bangladesh,4.6079998,0.58668298,0.73513174,0.53324103,0.47835666,0.12371786,0.17225535,Asia,2017
110,Bangladesh,4.643,0.54177,0.24749,0.52989,0.39778,0.12583,0.19132,Asia,2016
109,Bangladesh,4.694,0.39753,0.43106,0.60164,0.4082,0.12569,0.21222,Asia,2015
81,Belarus,5.323,1.067,1.465,0.789,0.235,0.142,0.094,Europe,2019
73,Belarus,5.483,1.039,1.498,0.7,0.307,0.154,0.101,Europe,2018
67,Belarus,5.56899977,1.15655756,1.44494522,0.63771427,0.29540026,0.15631382,0.15513751,Europe,2017
61,Belarus,5.802,1.13062,1.04993,0.63104,0.29091,0.17457,0.13942,Europe,2016
59,Belarus,5.813,1.03192,1.23289,0.73608,0.37938,0.1909,0.11046,Europe,2015
18,Belgium,6.923,1.356,1.504,0.986,0.473,0.21,0.16,Europe,2019
16,Belgium,6.927,1.324,1.483,0.894,0.583,0.24,0.188,Europe,2018
17,Belgium,6.89099979,1.46378076,1.4623127,0.81809187,0.53977072,0.25134313,0.23150334,Europe,2017
18,Belgium,6.929,1.42539,1.05249,0.81959,0.51354,0.26248,0.2424,Europe,2016
19,Belgium,6.937,1.30782,1.28566,0.89667,0.5845,0.2254,0.2225,Europe,2015
49,Belize,5.956,0.807,1.101,0.474,0.593,0.089,0.183,North America,2018
50,Belize,5.95599985,0.90797532,1.0814178,0.45019177,0.54750937,0.09658107,0.24001564,North America,2017
52,Belize,5.956,0.87616,0.68655,0.45569,0.51231,0.10771,0.23684,North America,2016
102,Benin,4.883,0.393,0.437,0.397,0.349,0.082,0.175,Africa,2019
136,Benin,4.141,0.378,0.372,0.24,0.44,0.067,0.163,Africa,2018
143,Benin,3.65700006,0.43108541,0.43529984,0.20993021,0.42596278,0.06092902,0.20794846,Africa,2017
153,Benin,3.484,0.39499,0.10419,0.21028,0.39747,0.06681,0.2018,Africa,2016
155,Benin,3.34,0.28665,0.35386,0.3191,0.4845,0.0801,0.1826,Africa,2015
95,Bhutan,5.082,0.813,1.321,0.604,0.457,0.167,0.37,Asia,2019
97,Bhutan,5.082,0.796,1.335,0.527,0.541,0.171,0.364,Asia,2018
97,Bhutan,5.01100016,0.88541639,1.34012651,0.49587929,0.50153768,0.17338039,0.47405455,Asia,2017
84,Bhutan,5.196,0.8527,0.90836,0.49759,0.46074,0.1616,0.48546,Asia,2016
79,Bhutan,5.253,0.77042,1.10395,0.57407,0.53206,0.15445,0.47998,Asia,2015
61,Bolivia,5.779,0.776,1.209,0.706,0.511,0.064,0.137,South America,2019
62,Bolivia,5.752,0.751,1.223,0.508,0.606,0.054,0.141,South America,2018
58,Bolivia,5.82299995,0.83375657,1.22761905,0.47363025,0.55873293,0.06047773,0.22556072,South America,2017
59,Bolivia,5.822,0.79422,0.83779,0.4697,0.50961,0.07746,0.21698,South America,2016
51,Bolivia,5.89,0.68133,0.97841,0.5392,0.57414,0.088,0.20536,South America,2015
78,Bosnia and Herzegovina,5.386,0.945,1.212,0.845,0.212,0.006,0.263,Europe,2019
93,Bosnia and Herzegovina,5.129,0.915,1.078,0.758,0.28,0,0.216,Europe,2018
90,Bosnia and Herzegovina,5.18200016,0.98240942,1.06933594,0.70518631,0.20440318,0,0.3288675,Europe,2017
87,Bosnia and Herzegovina,5.163,0.93383,0.64367,0.70766,0.09511,0,0.29889,Europe,2016
96,Bosnia and Herzegovina,4.949,0.83223,0.91916,0.79081,0.09245,0.00227,0.24808,Europe,2015
148,Botswana,3.488,1.041,1.145,0.538,0.455,0.1,0.025,Africa,2019
146,Botswana,3.59,1.017,1.174,0.417,0.557,0.092,0.042,Africa,2018
142,Botswana,3.76600003,1.12209415,1.22155499,0.34175551,0.50519633,0.0985832,0.09934845,Africa,2017
137,Botswana,3.974,1.09426,0.89186,0.34752,0.44089,0.10769,0.12425,Africa,2016
128,Botswana,4.332,0.99355,1.10464,0.04776,0.49495,0.12474,0.10461,Africa,2015
32,Brazil,6.3,1.004,1.439,0.802,0.39,0.086,0.099,South America,2019
28,Brazil,6.419,0.986,1.474,0.675,0.493,0.088,0.11,South America,2018
22,Brazil,6.63500023,1.10735321,1.431306,0.61655235,0.43745375,0.11109276,0.16234989,South America,2017
17,Brazil,6.952,1.08754,1.03938,0.61415,0.40425,0.14166,0.15776,South America,2016
16,Brazil,6.983,0.98124,1.23287,0.69702,0.49049,0.17521,0.14574,South America,2015
97,Bulgaria,5.011,1.092,1.513,0.815,0.311,0.004,0.081,Europe,2019
100,Bulgaria,4.933,1.054,1.515,0.712,0.359,0.009,0.064,Europe,2018
105,Bulgaria,4.71400023,1.16145909,1.43437946,0.70821768,0.28923172,0.01105153,0.11317769,Europe,2017
129,Bulgaria,4.217,1.11306,0.92542,0.67806,0.21219,0.00615,0.12793,Europe,2016
134,Bulgaria,4.218,1.01216,1.10614,0.76649,0.30587,0.00872,0.11921,Europe,2015
115,Burkina Faso,4.587,0.331,1.056,0.38,0.255,0.113,0.177,Africa,2019
121,Burkina Faso,4.424,0.314,1.097,0.254,0.312,0.128,0.175,Africa,2018
134,Burkina Faso,4.03200006,0.35022771,1.04328001,0.21584426,0.32436785,0.12032811,0.25086468,Africa,2017
145,Burkina Faso,3.739,0.31995,0.63054,0.21297,0.3337,0.12533,0.24353,Africa,2016
152,Burkina Faso,3.587,0.25812,0.85188,0.27125,0.39493,0.12832,0.21747,Africa,2015
145,Burundi,3.775,0.046,0.447,0.38,0.22,0.18,0.176,Africa,2019
156,Burundi,2.905,0.091,0.627,0.145,0.065,0.076,0.149,Africa,2018
154,Burundi,2.90499997,0.09162257,0.62979358,0.15161079,0.05990075,0.08414795,0.20443518,Africa,2017
157,Burundi,2.905,0.06831,0.23442,0.15747,0.0432,0.09419,0.2029,Africa,2016
157,Burundi,2.905,0.0153,0.41587,0.22396,0.1185,0.10062,0.19727,Africa,2015
109,Cambodia,4.7,0.574,1.122,0.637,0.609,0.062,0.232,Asia,2019
120,Cambodia,4.433,0.549,1.088,0.457,0.696,0.065,0.256,Asia,2018
129,Cambodia,4.16800022,0.6017651,1.00623834,0.4297834,0.63337582,0.06810595,0.38592297,Asia,2017
140,Cambodia,3.907,0.55604,0.5375,0.42494,0.58852,0.08092,0.40339,Asia,2016
145,Cambodia,3.819,0.46038,0.62736,0.61114,0.66246,0.07247,0.40359,Asia,2015
96,Cameroon,5.044,0.549,0.91,0.331,0.381,0.037,0.187,Africa,2019
99,Cameroon,4.975,0.535,0.891,0.182,0.454,0.043,0.183,Africa,2018
107,Cameroon,4.69500017,0.56430537,0.94601822,0.13289212,0.43038875,0.05130663,0.23629846,Africa,2017
114,Cameroon,4.513,0.52497,0.62542,0.12698,0.42736,0.06126,0.2268,Africa,2016
133,Cameroon,4.252,0.4225,0.88767,0.23402,0.49309,0.05786,0.20618,Africa,2015
9,Canada,7.278,1.365,1.505,1.039,0.584,0.308,0.285,North America,2019
7,Canada,7.328,1.33,1.532,0.896,0.653,0.291,0.321,North America,2018
7,Canada,7.31599998,1.47920442,1.48134899,0.83455765,0.61110091,0.28737152,0.43553972,North America,2017
6,Canada,7.404,1.44015,1.0961,0.8276,0.5737,0.31329,0.44834,North America,2016
5,Canada,7.427,1.32629,1.32261,0.90563,0.63297,0.32957,0.45811,North America,2015
155,Central African Republic,3.083,0.026,0,0.105,0.225,0.035,0.235,Africa,2019
155,Central African Republic,3.083,0.024,0,0.01,0.305,0.038,0.218,Africa,2018
155,Central African Republic,2.69300008,0,0,0.01877269,0.27084205,0.05656508,0.28087649,Africa,2017
148,Central African Republic,3.678,0.0785,0,0.06699,0.48879,0.08289,0.23835,Africa,2015
132,Chad,4.35,0.35,0.766,0.192,0.174,0.078,0.198,Africa,2019
131,Chad,4.301,0.358,0.907,0.053,0.189,0.06,0.181,Africa,2018
137,Chad,3.93600011,0.43801299,0.95385587,0.04113472,0.16234203,0.05358188,0.21611385,Africa,2017
144,Chad,3.763,0.42214,0.63178,0.03824,0.12807,0.04952,0.18667,Africa,2016
149,Chad,3.667,0.34193,0.76062,0.1501,0.23501,0.05269,0.18386,Africa,2015
26,Chile,6.444,1.159,1.369,0.92,0.357,0.056,0.187,South America,2019
25,Chile,6.476,1.131,1.331,0.808,0.431,0.061,0.197,South America,2018
20,Chile,6.65199995,1.25278461,1.28402495,0.8194797,0.37689528,0.08228798,0.32666242,South America,2017
24,Chile,6.705,1.2167,0.90587,0.81883,0.37789,0.11451,0.31595,South America,2016
27,Chile,6.67,1.10715,1.12447,0.85857,0.44132,0.12869,0.33363,South America,2015
93,China,5.191,1.029,1.125,0.893,0.521,0.1,0.058,Asia,2019
86,China,5.246,0.989,1.142,0.799,0.597,0.103,0.029,Asia,2018
79,China,5.27299976,1.08116579,1.16083741,0.7414155,0.47278771,0.02279427,0.02880684,Asia,2017
83,China,5.245,1.0278,0.79381,0.73561,0.44012,0.02745,0.04959,Asia,2016
84,China,5.14,0.89012,0.94675,0.81658,0.51697,0.02781,0.08185,Asia,2015
43,Colombia,6.125,0.985,1.41,0.841,0.47,0.034,0.099,South America,2019
37,Colombia,6.26,0.96,1.439,0.635,0.531,0.039,0.099,South America,2018
36,Colombia,6.35699987,1.07062232,1.40218294,0.59502792,0.47748742,0.04666874,0.14901447,South America,2017
31,Colombia,6.481,1.03032,1.02169,0.59659,0.44735,0.05399,0.15626,South America,2016
33,Colombia,6.477,0.91861,1.24018,0.69077,0.53466,0.0512,0.18401,South America,2015
142,Comoros,3.973,0.274,0.757,0.505,0.142,0.078,0.275,Africa,2019
138,Comoros,3.956,0.27509,0.60323,0.29981,0.15412,0.18437,0.1827,Africa,2016
140,Comoros,3.956,0.23906,0.79273,0.36315,0.22917,0.199,0.17441,Africa,2015
103,Congo (Brazzaville),4.812,0.673,0.799,0.508,0.372,0.093,0.105,Africa,2019
114,Congo (Brazzaville),4.559,0.682,0.811,0.343,0.514,0.077,0.091,Africa,2018
124,Congo (Brazzaville),4.29099989,0.80896425,0.83204436,0.28995743,0.43502587,0.07961813,0.12085213,Africa,2017
127,Congo (Brazzaville),4.236,0.77109,0.47799,0.28212,0.37938,0.09753,0.12077,Africa,2016
139,Congo (Brazzaville),3.989,0.67866,0.6629,0.31051,0.41466,0.11686,0.12388,Africa,2015
127,Congo (Kinshasa),4.418,0.094,1.125,0.357,0.269,0.053,0.212,Africa,2019
132,Congo (Kinshasa),4.245,0.069,1.136,0.204,0.312,0.052,0.197,Africa,2018
126,Congo (Kinshasa),4.28000021,0.09210235,1.22902346,0.19140702,0.23596135,0.06024136,0.24645583,Africa,2017
125,Congo (Kinshasa),4.272,0.05661,0.80676,0.188,0.15602,0.06075,0.25458,Africa,2016
120,Congo (Kinshasa),4.517,0,1.0012,0.09806,0.22605,0.07625,0.24834,Africa,2015
12,Costa Rica,7.167,1.034,1.441,0.963,0.558,0.093,0.144,North America,2019
13,Costa Rica,7.072,1.01,1.459,0.817,0.632,0.101,0.143,North America,2018
12,Costa Rica,7.079,1.10970628,1.41640365,0.75950927,0.58013165,0.10010659,0.21461323,North America,2017
14,Costa Rica,7.087,1.06879,1.02152,0.76146,0.55225,0.10547,0.22553,North America,2016
12,Costa Rica,7.226,0.95578,1.23788,0.86027,0.63376,0.10583,0.25497,North America,2015
75,Croatia,5.432,1.155,1.266,0.914,0.296,0.022,0.119,Europe,2019
82,Croatia,5.321,1.115,1.161,0.737,0.38,0.039,0.12,Europe,2018
77,Croatia,5.29300022,1.22255623,0.96798301,0.70128852,0.25577229,0.04310311,0.24800298,Europe,2017
74,Croatia,5.488,1.18649,0.60809,0.70524,0.23907,0.04002,0.18434,Europe,2016
62,Croatia,5.759,1.08254,0.79624,0.78805,0.25883,0.0243,0.05444,Europe,2015
49,Cyprus,6.046,1.263,1.223,1.042,0.406,0.041,0.19,Europe,2019
61,Cyprus,5.762,1.229,1.191,0.909,0.423,0.035,0.202,Europe,2018
65,Cyprus,5.62099981,1.35593808,1.13136327,0.8447147,0.35511154,0.04123798,0.2712543,Europe,2017
69,Cyprus,5.546,1.31857,0.70697,0.8488,0.29507,0.05228,0.27906,Europe,2016
67,Cyprus,5.689,1.20813,0.89318,0.92356,0.40672,0.06146,0.30638,Europe,2015
20,Czech Republic,6.852,1.269,1.487,0.92,0.457,0.036,0.046,Europe,2019
21,Czech Republic,6.711,1.233,1.489,0.854,0.543,0.034,0.064,Europe,2018
23,Czech Republic,6.60900021,1.35268235,1.43388522,0.754444,0.49094617,0.03687293,0.08810676,Europe,2017
27,Czech Republic,6.596,1.30915,1.00793,0.76376,0.41418,0.03986,0.09929,Europe,2016
31,Czech Republic,6.505,1.17898,1.20643,0.84483,0.46364,0.02652,0.10686,Europe,2015
2,Denmark,7.6,1.383,1.573,0.996,0.592,0.41,0.252,Europe,2019
3,Denmark,7.555,1.351,1.59,0.868,0.683,0.408,0.284,Europe,2018
2,Denmark,7.52199984,1.48238301,1.55112159,0.79256552,0.62600672,0.40077007,0.35528049,Europe,2017
1,Denmark,7.526,1.44178,1.16374,0.79504,0.57941,0.44453,0.36171,Europe,2016
3,Denmark,7.527,1.32548,1.36058,0.87464,0.64938,0.48357,0.34139,Europe,2015
126,Djibouti,4.369,0.44025,0.59207,0.36291,0.46074,0.28105,0.18093,Europe,2015
77,Dominican Republic,5.425,1.015,1.401,0.779,0.497,0.101,0.113,North America,2019
83,Dominican Republic,5.302,0.982,1.441,0.614,0.578,0.106,0.12,North America,2018
86,Dominican Republic,5.23000002,1.07937384,1.40241671,0.57487375,0.55258983,0.11394525,0.18696785,North America,2017
89,Dominican Republic,5.155,1.02787,0.99496,0.57669,0.52259,0.12372,0.21286,North America,2016
98,Dominican Republic,4.885,0.89537,1.17202,0.66825,0.57672,0.14234,0.21684,North America,2015
50,Ecuador,6.028,0.912,1.312,0.868,0.498,0.087,0.126,South America,2019
48,Ecuador,5.973,0.889,1.33,0.736,0.556,0.12,0.114,South America,2018
44,Ecuador,6.0079999,1.0008204,1.28616881,0.68563622,0.4551982,0.14013465,0.15011247,South America,2017
51,Ecuador,5.976,0.97306,0.85974,0.68613,0.4027,0.18037,0.10074,South America,2016
48,Ecuador,5.975,0.86402,0.99903,0.79075,0.48574,0.1809,0.11541,South America,2015
137,Egypt,4.166,0.913,1.039,0.644,0.241,0.067,0.076,Africa,2019
122,Egypt,4.419,0.885,1.025,0.553,0.312,0.107,0.092,Africa,2018
104,Egypt,4.73500013,0.98970181,0.99747139,0.52018726,0.28211015,0.11438137,0.12863144,Africa,2017
120,Egypt,4.362,0.95395,0.49813,0.52116,0.18847,0.10393,0.12706,Africa,2016
135,Egypt,4.194,0.8818,0.747,0.61712,0.17288,0.06324,0.11291,Africa,2015
35,El Salvador,6.253,0.794,1.242,0.789,0.43,0.074,0.093,North America,2019
40,El Salvador,6.167,0.806,1.231,0.639,0.461,0.082,0.065,North America,2018
45,El Salvador,6.00299978,0.9097845,1.18212509,0.59601855,0.43245253,0.08998096,0.07825799,North America,2017
46,El Salvador,6.068,0.8737,0.80975,0.596,0.37269,0.10613,0.08877,North America,2016
42,El Salvador,6.13,0.76454,1.02507,0.67737,0.4035,0.11776,0.10692,North America,2015
55,Estonia,5.893,1.237,1.528,0.874,0.495,0.161,0.103,Europe,2019
63,Estonia,5.739,1.2,1.532,0.737,0.553,0.174,0.086,Europe,2018
66,Estonia,5.61100006,1.32087934,1.4766711,0.69516832,0.47913143,0.18324892,0.09889081,Europe,2017
72,Estonia,5.517,1.27964,1.05163,0.68098,0.41511,0.18519,0.08423,Europe,2016
73,Estonia,5.429,1.15174,1.22791,0.77361,0.44888,0.15184,0.0868,Europe,2015
134,Ethiopia,4.286,0.336,1.033,0.532,0.344,0.1,0.209,Africa,2019
127,Ethiopia,4.35,0.308,0.95,0.391,0.452,0.146,0.22,Africa,2018
119,Ethiopia,4.46000004,0.33923385,0.8646692,0.35340971,0.40884274,0.16545571,0.31265074,Africa,2017
115,Ethiopia,4.508,0.29283,0.37932,0.34578,0.36703,0.1717,0.29522,Africa,2016
122,Ethiopia,4.512,0.19073,0.60406,0.44055,0.4345,0.15048,0.24325,Africa,2015
1,Finland,7.769,1.34,1.587,0.986,0.596,0.393,0.153,Europe,2019
1,Finland,7.632,1.305,1.592,0.874,0.681,0.393,0.202,Europe,2018
5,Finland,7.46899986,1.44357193,1.54024673,0.80915767,0.61795086,0.38261154,0.24548277,Europe,2017
5,Finland,7.413,1.40598,1.13464,0.81091,0.57104,0.41004,0.25492,Europe,2016
6,Finland,7.406,1.29025,1.31826,0.88911,0.64169,0.41372,0.23351,Europe,2015
24,France,6.592,1.324,1.472,1.045,0.436,0.183,0.111,Europe,2019
23,France,6.489,1.293,1.466,0.908,0.52,0.176,0.098,Europe,2018
31,France,6.44199991,1.43092346,1.38777685,0.84446585,0.47022212,0.17250243,0.12976231,Europe,2017
32,France,6.478,1.39488,1.00508,0.83795,0.46562,0.17808,0.1216,Europe,2016
29,France,6.575,1.27778,1.26038,0.94579,0.55011,0.20646,0.12332,Europe,2015
104,Gabon,4.799,1.057,1.183,0.571,0.295,0.055,0.043,Africa,2019
103,Gabon,4.758,1.036,1.164,0.404,0.356,0.052,0.032,Africa,2018
118,Gabon,4.46500015,1.19821024,1.15562022,0.35657859,0.31232858,0.07604679,0.04378538,Africa,2017
134,Gabon,4.121,1.15851,0.72368,0.3494,0.28098,0.09314,0.06244,Africa,2016
143,Gabon,3.896,1.06024,0.90528,0.43372,0.31914,0.11091,0.06822,Africa,2015
120,Gambia,4.516,0.308,0.939,0.428,0.382,0.167,0.269,Africa,2019
119,Georgia,4.519,0.886,0.666,0.752,0.346,0.164,0.043,Europe,2019
128,Georgia,4.34,0.853,0.592,0.643,0.375,0.215,0.038,Europe,2018
125,Georgia,4.28599977,0.95061266,0.57061493,0.64954698,0.30941004,0.25166664,0.05400882,Europe,2017
126,Georgia,4.252,0.83792,0.19249,0.64035,0.32461,0.3188,0.06786,Europe,2016
130,Georgia,4.297,0.7419,0.38562,0.72926,0.40577,0.38331,0.05547,Europe,2015
17,Germany,6.985,1.373,1.454,0.987,0.495,0.265,0.261,Europe,2019
15,Germany,6.965,1.34,1.474,0.861,0.586,0.28,0.273,Europe,2018
16,Germany,6.95100021,1.48792338,1.47252035,0.79895073,0.56251138,0.27673194,0.33626917,Europe,2017
16,Germany,6.994,1.44787,1.09774,0.81487,0.53466,0.28551,0.30452,Europe,2016
26,Germany,6.75,1.32792,1.29937,0.89186,0.61477,0.21843,0.28214,Europe,2015
98,Ghana,4.996,0.611,0.868,0.486,0.381,0.04,0.245,Africa,2019
108,Ghana,4.657,0.592,0.896,0.337,0.499,0.029,0.212,Africa,2018
131,Ghana,4.11999989,0.66722482,0.87366474,0.29563773,0.42302629,0.02533637,0.25692394,Africa,2017
124,Ghana,4.276,0.63107,0.49353,0.29681,0.40973,0.0326,0.21203,Africa,2016
114,Ghana,4.633,0.54558,0.67954,0.40132,0.42342,0.04355,0.23087,Africa,2015
82,Greece,5.287,1.181,1.156,0.999,0.067,0.034,0,Europe,2019
79,Greece,5.358,1.154,1.202,0.879,0.131,0.044,0,Europe,2018
87,Greece,5.22700024,1.28948748,1.23941457,0.8101989,0.09573125,0.04328978,0,Europe,2017
99,Greece,5.033,1.24886,0.75473,0.80029,0.05822,0.04127,0,Europe,2016
102,Greece,4.857,1.15406,0.92933,0.88213,0.07699,0.01397,0,Europe,2015
27,Guatemala,6.436,0.8,1.269,0.746,0.535,0.078,0.175,North America,2019
30,Guatemala,6.382,0.781,1.268,0.608,0.604,0.071,0.179,North America,2018
29,Guatemala,6.454,0.87200195,1.25558519,0.54023999,0.53131062,0.07722328,0.28348839,North America,2017
39,Guatemala,6.324,0.83454,0.87119,0.54039,0.50379,0.08701,0.28808,North America,2016
43,Guatemala,6.123,0.74553,1.04356,0.64425,0.57733,0.09472,0.27489,North America,2015
118,Guinea,4.534,0.38,0.829,0.375,0.332,0.086,0.207,Africa,2019
140,Guinea,3.964,0.344,0.792,0.211,0.394,0.094,0.185,Africa,2018
149,Guinea,3.50699997,0.24454993,0.79124469,0.19412914,0.34858751,0.11093762,0.26481509,Africa,2017
151,Guinea,3.607,0.22415,0.3109,0.18829,0.30953,0.1192,0.29914,Africa,2016
150,Guinea,3.656,0.17417,0.46475,0.24009,0.37725,0.12139,0.28657,Africa,2015
147,Haiti,3.597,0.323,0.688,0.449,0.026,0.11,0.419,North America,2019
148,Haiti,3.582,0.315,0.714,0.289,0.025,0.104,0.392,North America,2018
145,Haiti,3.60299993,0.36861026,0.64044982,0.27732113,0.03036986,0.09987215,0.48920378,North America,2017
136,Haiti,4.028,0.34097,0.29561,0.27494,0.12072,0.14476,0.47958,North America,2016
119,Haiti,4.518,0.26673,0.74302,0.38847,0.24425,0.17175,0.46187,North America,2015
59,Honduras,5.86,0.642,1.236,0.828,0.507,0.078,0.246,Asia,2019
72,Honduras,5.504,0.62,1.205,0.622,0.459,0.074,0.197,Asia,2018
91,Honduras,5.18100023,0.73057312,1.14394498,0.58256948,0.34807986,0.07334545,0.23618887,Asia,2017
104,Honduras,4.871,0.69429,0.75596,0.58383,0.26755,0.06906,0.2044,Asia,2016
105,Honduras,4.788,0.59532,0.95348,0.6951,0.40148,0.06825,0.23027,Asia,2015
76,Hong Kong,5.43,1.438,1.277,1.122,0.44,0.287,0.258,Asia,2019
76,Hong Kong,5.43,1.405,1.29,1.03,0.524,0.291,0.246,Asia,2018
75,Hong Kong,5.458,1.5107,0.87021,0.95277,0.48079,0.31647,0.40097,Asia,2016
72,Hong Kong,5.474,1.38604,1.05818,1.01328,0.59608,0.37124,0.39478,Asia,2015
71,"Hong Kong S.A.R., China",5.47200012,1.55167484,1.26279092,0.94306242,0.49096864,0.29393375,0.37446579,Asia,2017
62,Hungary,5.758,1.201,1.41,0.828,0.199,0.02,0.081,Europe,2019
69,Hungary,5.62,1.171,1.401,0.732,0.259,0.022,0.061,Europe,2018
75,Hungary,5.32399988,1.28601193,1.34313309,0.68776345,0.17586352,0.03663694,0.07840166,Europe,2017
91,Hungary,5.145,1.24142,0.93164,0.67608,0.1977,0.04472,0.099,Europe,2016
104,Hungary,4.8,1.12094,1.20215,0.75905,0.32112,0.02758,0.128,Europe,2015
4,Iceland,7.494,1.38,1.624,1.026,0.591,0.118,0.354,Europe,2019
4,Iceland,7.495,1.343,1.644,0.914,0.677,0.138,0.353,Europe,2018
3,Iceland,7.50400019,1.48063302,1.61057401,0.83355212,0.62716264,0.15352656,0.47554022,Europe,2017
3,Iceland,7.501,1.42666,1.18326,0.86733,0.56624,0.14975,0.47678,Europe,2016
2,Iceland,7.561,1.30232,1.40223,0.94784,0.62877,0.14145,0.4363,Europe,2015
140,India,4.015,0.755,0.765,0.588,0.498,0.085,0.2,Asia,2019
133,India,4.19,0.721,0.747,0.485,0.539,0.093,0.172,Asia,2018
122,India,4.31500006,0.79222125,0.7543726,0.45542762,0.469987,0.09222689,0.23153849,Asia,2017
118,India,4.404,0.74036,0.29247,0.45091,0.40285,0.08722,0.25028,Asia,2016
117,India,4.565,0.64499,0.38174,0.51529,0.39786,0.08492,0.26475,Asia,2015
92,Indonesia,5.192,0.931,1.203,0.66,0.491,0.028,0.498,Asia,2019
96,Indonesia,5.093,0.899,1.215,0.522,0.538,0.018,0.484,Asia,2018
81,Indonesia,5.26200008,0.99553859,1.2744447,0.49234572,0.44332346,0.01531714,0.61170459,Asia,2017
79,Indonesia,5.314,0.95104,0.87625,0.49374,0.39237,0.00322,0.56521,Asia,2016
74,Indonesia,5.399,0.82827,1.08708,0.63793,0.46611,0,0.51535,Asia,2015
117,Iran,4.548,1.1,0.842,0.785,0.305,0.125,0.27,Asia,2019
106,Iran,4.707,1.059,0.771,0.691,0.459,0.129,0.282,Asia,2018
108,Iran,4.69199991,1.15687311,0.71155125,0.63933319,0.24932261,0.04876107,0.38724291,Asia,2017
105,Iran,4.813,1.11758,0.38857,0.64232,0.22544,0.0557,0.38538,Asia,2016
110,Iran,4.686,1.0088,0.54447,0.69805,0.30033,0.05863,0.38086,Asia,2015
126,Iraq,4.437,1.043,0.98,0.574,0.241,0.089,0.148,Asia,2019
117,Iraq,4.456,1.01,0.971,0.536,0.304,0.095,0.148,Asia,2018
117,Iraq,4.49700022,1.10271049,0.9786132,0.50118047,0.28855553,0.10721575,0.19963726,Asia,2017
112,Iraq,4.575,1.07474,0.59205,0.51076,0.24856,0.13636,0.19589,Asia,2016
112,Iraq,4.677,0.98549,0.81889,0.60237,0,0.13788,0.17922,Asia,2015
16,Ireland,7.021,1.499,1.553,0.999,0.516,0.31,0.298,Europe,2019
14,Ireland,6.977,1.448,1.583,0.876,0.614,0.306,0.307,Europe,2018
15,Ireland,6.97700024,1.53570664,1.55823112,0.80978262,0.57311034,0.29838815,0.42785832,Europe,2017
19,Ireland,6.907,1.48341,1.16157,0.81455,0.54008,0.29754,0.44963,Europe,2016
18,Ireland,6.94,1.33596,1.36948,0.89533,0.61777,0.28703,0.45901,Europe,2015
13,Israel,7.139,1.276,1.455,1.029,0.371,0.082,0.261,Asia,2019
19,Israel,6.814,1.301,1.559,0.883,0.533,0.272,0.354,Asia,2018
11,Israel,7.21299982,1.37538242,1.37628996,0.838404,0.4059886,0.0852421,0.33008265,Asia,2017
11,Israel,7.267,1.33766,0.99537,0.84917,0.36432,0.08728,0.32288,Asia,2016
11,Israel,7.278,1.22857,1.22393,0.91387,0.41319,0.07785,0.33172,Asia,2015
36,Italy,6.223,1.294,1.488,1.039,0.231,0.03,0.158,Europe,2019
47,Italy,6,1.264,1.501,0.946,0.281,0.028,0.137,Europe,2018
48,Italy,5.96400023,1.39506662,1.44492328,0.85314435,0.25645071,0.02802809,0.17278965,Europe,2017
50,Italy,5.977,1.35495,1.04167,0.85102,0.18827,0.02556,0.16684,Europe,2016
50,Italy,5.948,1.25114,1.19777,0.95446,0.26236,0.02901,0.22823,Europe,2015
99,Ivory Coast,4.944,0.569,0.808,0.232,0.352,0.09,0.154,Africa,2019
107,Ivory Coast,4.671,0.541,0.872,0.08,0.467,0.103,0.146,Africa,2018
128,Ivory Coast,4.17999983,0.60304892,0.90478003,0.04864217,0.44770619,0.13006178,0.20123747,Africa,2017
139,Ivory Coast,3.916,0.55507,0.57576,0.04476,0.40663,0.1553,0.20338,Africa,2016
151,Ivory Coast,3.655,0.46534,0.77115,0.15185,0.46866,0.17922,0.20165,Africa,2015
56,Jamaica,5.89,0.831,1.478,0.831,0.49,0.028,0.107,North America,2019
56,Jamaica,5.89,0.819,1.493,0.693,0.575,0.031,0.096,North America,2018
76,Jamaica,5.31099987,0.92557931,1.36821806,0.64102238,0.47430724,0.05526778,0.23381834,North America,2017
73,Jamaica,5.51,0.89333,0.96372,0.59469,0.43597,0.04294,0.22245,North America,2016
65,Jamaica,5.709,0.81038,1.15102,0.68741,0.50442,0.02299,0.2123,North America,2015
58,Japan,5.886,1.327,1.419,1.088,0.445,0.14,0.069,Asia,2019
54,Japan,5.915,1.294,1.462,0.988,0.553,0.15,0.079,Asia,2018
51,Japan,5.92000008,1.41691518,1.43633783,0.91347587,0.50562555,0.16376074,0.12057277,Asia,2017
53,Japan,5.921,1.38007,1.06054,0.91491,0.46761,0.18985,0.10224,Asia,2016
46,Japan,5.987,1.27074,1.25712,0.99111,0.49615,0.1806,0.10705,Asia,2015
101,Jordan,4.906,0.837,1.225,0.815,0.383,0.13,0.11,Asia,2019
90,Jordan,5.161,0.822,1.265,0.645,0.468,0.134,0.13,Asia,2018
74,Jordan,5.33599997,0.99101239,1.23908889,0.60459006,0.41842115,0.11980327,0.17217046,Asia,2017
80,Jordan,5.303,0.99673,0.86216,0.60712,0.36023,0.13297,0.14262,Asia,2016
82,Jordan,5.192,0.90198,1.05392,0.69639,0.40661,0.14293,0.11053,Asia,2015
60,Kazakhstan,5.809,1.173,1.508,0.729,0.41,0.096,0.146,Asia,2019
60,Kazakhstan,5.79,1.143,1.516,0.631,0.454,0.121,0.148,Asia,2018
60,Kazakhstan,5.81899977,1.28455627,1.38436902,0.60604155,0.43745428,0.11928289,0.20196442,Asia,2017
54,Kazakhstan,5.919,1.22943,0.95544,0.57386,0.4052,0.11132,0.15011,Asia,2016
54,Kazakhstan,5.855,1.12254,1.12241,0.64368,0.51649,0.08454,0.11827,Asia,2015
121,Kenya,4.509,0.512,0.983,0.581,0.431,0.053,0.372,Africa,2019
124,Kenya,4.41,0.493,1.048,0.454,0.504,0.055,0.352,Africa,2018
112,Kenya,4.55299997,0.56047946,1.06795073,0.30998835,0.45276377,0.06464132,0.44486031,Africa,2017
122,Kenya,4.356,0.52267,0.7624,0.30147,0.40576,0.06686,0.41328,Africa,2016
125,Kenya,4.419,0.36471,0.99876,0.41435,0.42215,0.05839,0.37542,Africa,2015
46,Kosovo,6.1,0.882,1.232,0.758,0.489,0.006,0.262,Europe,2019
66,Kosovo,5.662,0.855,1.23,0.578,0.448,0.023,0.274,Europe,2018
78,Kosovo,5.27899981,0.95148438,1.1378535,0.54145205,0.26028794,0.05747162,0.31993145,Europe,2017
77,Kosovo,5.401,0.90145,0.66062,0.54,0.14396,0.06547,0.27992,Europe,2016
69,Kosovo,5.589,0.80148,0.81198,0.63132,0.24749,0.04741,0.2831,Europe,2015
51,Kuwait,6.021,1.5,1.319,0.808,0.493,0.097,0.142,Asia,2019
45,Kuwait,6.083,1.474,1.301,0.675,0.554,0.106,0.167,Asia,2018
39,Kuwait,6.10500002,1.63295245,1.25969875,0.63210571,0.49633759,0.21515955,0.2282898,Asia,2017
41,Kuwait,6.239,1.61714,0.87758,0.63569,0.43166,0.23669,0.15965,Asia,2016
39,Kuwait,6.295,1.55422,1.16594,0.72492,0.55499,0.25609,0.16228,Asia,2015
86,Kyrgyzstan,5.261,0.551,1.438,0.723,0.508,0.023,0.3,Asia,2019
92,Kyrgyzstan,5.131,0.53,1.416,0.594,0.54,0.035,0.281,Asia,2018
98,Kyrgyzstan,5.00400019,0.59622008,1.39423859,0.5534578,0.45494339,0.03943918,0.42858037,Asia,2017
85,Kyrgyzstan,5.185,0.56044,0.95434,0.55449,0.40212,0.04762,0.38432,Asia,2016
77,Kyrgyzstan,5.286,0.47428,1.15115,0.65088,0.43477,0.04232,0.3003,Asia,2015
105,Laos,4.796,0.764,1.03,0.551,0.547,0.164,0.266,Asia,2019
110,Laos,4.623,0.72,1.034,0.441,0.626,0.174,0.23,Asia,2018
102,Laos,4.876,0.68042,0.5497,0.38291,0.52168,0.22423,0.43079,Asia,2016
99,Laos,4.876,0.59066,0.73803,0.54909,0.59591,0.24249,0.42192,Asia,2015
53,Latvia,5.94,1.187,1.465,0.812,0.264,0.064,0.075,Europe,2019
53,Latvia,5.933,1.148,1.454,0.671,0.363,0.066,0.092,Europe,2018
54,Latvia,5.8499999,1.26074862,1.40471494,0.63856697,0.32570791,0.07384273,0.15307479,Europe,2017
68,Latvia,5.56,1.21788,0.95025,0.63952,0.27996,0.0889,0.17445,Europe,2016
89,Latvia,5.098,1.11312,1.09562,0.72437,0.29671,0.06332,0.18226,Europe,2015
91,Lebanon,5.197,0.987,1.224,0.815,0.216,0.027,0.166,Asia,2019
80,Lebanon,5.358,0.965,1.179,0.785,0.503,0.136,0.214,Asia,2018
88,Lebanon,5.2249999,1.07498753,1.12962425,0.73508108,0.28851599,0.03751383,0.26445076,Asia,2017
93,Lebanon,5.129,1.12268,0.64184,0.76171,0.26228,0.03061,0.23693,Asia,2016
103,Lebanon,4.839,1.02564,0.80001,0.83947,0.33916,0.04582,0.21854,Asia,2015
144,Lesotho,3.802,0.489,1.169,0.168,0.359,0.093,0.107,Africa,2019
141,Lesotho,3.808,0.472,1.215,0.079,0.423,0.112,0.116,Africa,2018
139,Lesotho,3.80800009,0.52102125,1.19009519,0,0.3906613,0.11909464,0.15749727,Africa,2017
97,Lesotho,4.898,0.37545,1.04103,0.07612,0.31767,0.12504,0.16388,Africa,2015
141,Liberia,3.975,0.073,0.922,0.443,0.37,0.033,0.233,Africa,2019
149,Liberia,3.495,0.076,0.858,0.267,0.419,0.03,0.206,Africa,2018
148,Liberia,3.53299999,0.11904179,0.87211794,0.2299182,0.33288118,0.03894825,0.26654989,Africa,2017
150,Liberia,3.622,0.10706,0.50353,0.23165,0.25748,0.04852,0.24063,Africa,2016
116,Liberia,4.571,0.0712,0.78968,0.34201,0.28531,0.06232,0.24362,Africa,2015
72,Libya,5.525,1.044,1.303,0.673,0.416,0.152,0.133,Africa,2019
70,Libya,5.566,0.985,1.35,0.553,0.496,0.148,0.116,Africa,2018
68,Libya,5.5250001,1.10180306,1.35756433,0.52016902,0.46573323,0.09261021,0.15207367,Africa,2017
67,Libya,5.615,1.06688,0.95076,0.52304,0.40672,0.10339,0.17087,Africa,2016
63,Libya,5.754,1.13145,1.11862,0.7038,0.41668,0.11023,0.18295,Africa,2015
42,Lithuania,6.149,1.238,1.515,0.818,0.291,0.042,0.043,Europe,2019
50,Lithuania,5.952,1.197,1.527,0.716,0.35,0.006,0.026,Europe,2018
52,Lithuania,5.90199995,1.31458235,1.47351611,0.62894994,0.23423178,0.01186564,0.01016466,Europe,2017
60,Lithuania,5.813,1.2692,1.06411,0.64674,0.18929,0.0182,0.02025,Europe,2016
56,Lithuania,5.833,1.14723,1.25745,0.73128,0.21342,0.01031,0.02641,Europe,2015
14,Luxembourg,7.09,1.609,1.479,1.012,0.526,0.316,0.194,Europe,2019
17,Luxembourg,6.91,1.576,1.52,0.896,0.632,0.321,0.196,Europe,2018
18,Luxembourg,6.86299992,1.7419436,1.45758367,0.8450895,0.59662789,0.31883442,0.28318098,Europe,2017
20,Luxembourg,6.871,1.69752,1.03999,0.84542,0.5487,0.35329,0.27571,Europe,2016
17,Luxembourg,6.946,1.56391,1.21963,0.91894,0.61583,0.37798,0.28034,Europe,2015
89,Macedonia,5.185,0.959,1.239,0.691,0.394,0.052,0.173,Europe,2018
92,Macedonia,5.17500019,1.06457794,1.20789301,0.64494818,0.32590598,0.06027779,0.25376096,Europe,2017
95,Macedonia,5.121,1.0193,0.78236,0.64738,0.27668,0.07047,0.23507,Europe,2016
93,Macedonia,5.007,0.91851,1.00232,0.73545,0.33457,0.05327,0.22359,Europe,2015
143,Madagascar,3.933,0.274,0.916,0.555,0.148,0.041,0.169,Africa,2019
143,Madagascar,3.774,0.262,0.908,0.402,0.221,0.049,0.155,Africa,2018
144,Madagascar,3.64400005,0.30580869,0.91302037,0.37522331,0.18919677,0.06723198,0.20873253,Africa,2017
148,Madagascar,3.695,0.27954,0.46115,0.37109,0.13684,0.07506,0.2204,Africa,2016
147,Madagascar,3.681,0.20824,0.66801,0.46721,0.19184,0.08124,0.21333,Africa,2015
150,Malawi,3.41,0.191,0.56,0.495,0.443,0.089,0.218,Africa,2019
147,Malawi,3.587,0.186,0.541,0.306,0.531,0.08,0.21,Africa,2018
136,Malawi,3.97000003,0.23344204,0.51256883,0.31508958,0.46691465,0.07271165,0.28717047,Africa,2017
132,Malawi,4.156,0.08709,0.147,0.29364,0.4143,0.07564,0.30968,Africa,2016
131,Malawi,4.292,0.01604,0.41134,0.22562,0.43054,0.06977,0.33128,Africa,2015
80,Malaysia,5.339,1.221,1.171,0.828,0.508,0.024,0.26,Asia,2019
35,Malaysia,6.322,1.161,1.258,0.669,0.356,0.059,0.311,Asia,2018
42,Malaysia,6.08400011,1.29121542,1.28464603,0.61878443,0.40226498,0.06560071,0.41660893,Asia,2017
47,Malaysia,6.005,1.25142,0.88025,0.62366,0.39031,0.09081,0.41474,Asia,2016
61,Malaysia,5.77,1.12486,1.07023,0.72394,0.53024,0.10501,0.33075,Asia,2015
128,Mali,4.39,0.385,1.105,0.308,0.327,0.052,0.153,Africa,2019
118,Mali,4.447,0.37,1.233,0.152,0.367,0.056,0.139,Africa,2018
127,Mali,4.19000006,0.47618049,1.2814734,0.16936567,0.30661374,0.10497025,0.1833542,Africa,2017
135,Mali,4.073,0.31292,0.86333,0.16347,0.27544,0.13647,0.21064,Africa,2016
138,Mali,3.995,0.26074,1.03526,0.20583,0.38857,0.12352,0.18798,Africa,2015
22,Malta,6.726,1.3,1.52,0.999,0.564,0.151,0.375,Europe,2019
22,Malta,6.627,1.27,1.525,0.884,0.645,0.142,0.376,Europe,2018
27,Malta,6.52699995,1.34327984,1.48841166,0.82194424,0.58876705,0.15306607,0.57473058,Europe,2017
30,Malta,6.488,1.30782,1.09879,0.80315,0.54994,0.17554,0.56237,Europe,2016
37,Malta,6.302,1.2074,1.30203,0.88721,0.60365,0.13586,0.51752,Europe,2015
122,Mauritania,4.49,0.57,1.167,0.489,0.066,0.088,0.106,Africa,2019
126,Mauritania,4.356,0.557,1.245,0.292,0.129,0.093,0.134,Africa,2018
123,Mauritania,4.29199982,0.64845729,1.27203083,0.28534928,0.09609804,0.136957,0.20187002,Africa,2017
130,Mauritania,4.201,0.61391,0.84142,0.28639,0.1268,0.17955,0.22686,Africa,2016
124,Mauritania,4.436,0.45407,0.86908,0.35874,0.24232,0.17461,0.219,Africa,2015
57,Mauritius,5.888,1.12,1.402,0.798,0.498,0.06,0.215,Africa,2019
55,Mauritius,5.891,1.09,1.387,0.684,0.584,0.05,0.245,Africa,2018
64,Mauritius,5.62900019,1.18939555,1.20956099,0.63800746,0.49124733,0.04218156,0.36093375,Africa,2017
66,Mauritius,5.648,1.14372,0.75695,0.66189,0.46145,0.05203,0.36951,Africa,2016
71,Mauritius,5.477,1.00761,0.98521,0.7095,0.56066,0.07521,0.37744,Africa,2015
23,Mexico,6.595,1.07,1.323,0.861,0.433,0.073,0.074,North America,2019
24,Mexico,6.488,1.038,1.252,0.761,0.479,0.095,0.069,North America,2018
25,Mexico,6.57800007,1.15318382,1.21086216,0.709979,0.41273001,0.13277411,0.12099043,North America,2017
21,Mexico,6.778,1.11508,0.7146,0.71143,0.37709,0.18355,0.11735,North America,2016
14,Mexico,7.187,1.02054,0.91451,0.81444,0.48181,0.21312,0.14074,North America,2015
71,Moldova,5.529,0.685,1.328,0.739,0.245,0,0.181,Europe,2019
67,Moldova,5.64,0.657,1.301,0.62,0.232,0,0.171,Europe,2018
56,Moldova,5.83799982,0.72887063,1.25182557,0.5894652,0.24072905,0.01009129,0.20877913,Europe,2017
55,Moldova,5.897,0.69177,0.83132,0.52309,0.25202,0.01903,0.19997,Europe,2016
52,Moldova,5.889,0.59448,1.01528,0.61826,0.32818,0.01615,0.20951,Europe,2015
83,Mongolia,5.285,0.948,1.531,0.667,0.317,0.038,0.235,Asia,2019
94,Mongolia,5.125,0.914,1.517,0.575,0.395,0.032,0.253,Asia,2018
100,Mongolia,4.95499992,1.02723587,1.49301124,0.55778348,0.39414397,0.03290229,0.33846423,Asia,2017
101,Mongolia,4.907,0.98853,1.08983,0.55469,0.35972,0.03285,0.34539,Asia,2016
100,Mongolia,4.874,0.82819,1.3006,0.60268,0.43626,0.02666,0.3323,Asia,2015
73,Montenegro,5.523,1.051,1.361,0.871,0.197,0.08,0.142,Europe,2019
81,Montenegro,5.347,1.017,1.279,0.729,0.259,0.081,0.111,Europe,2018
83,Montenegro,5.23699999,1.12112904,1.2383765,0.66746467,0.19498906,0.08817419,0.19791102,Europe,2017
88,Montenegro,5.161,1.07838,0.74173,0.63533,0.15111,0.12721,0.17191,Europe,2016
82,Montenegro,5.192,0.97438,0.90557,0.72521,0.1826,0.14296,0.1614,Europe,2015
89,Morocco,5.208,0.801,0.782,0.782,0.418,0.076,0.036,Africa,2019
85,Morocco,5.254,0.779,0.797,0.669,0.46,0.074,0.026,Africa,2018
84,Morocco,5.23500013,0.87811458,0.77486444,0.59771067,0.40815833,0.08776318,0.03220996,Africa,2017
90,Morocco,5.151,0.84058,0.38595,0.59471,0.25646,0.08404,0.04053,Africa,2016
92,Morocco,5.013,0.73479,0.64095,0.60954,0.41691,0.08546,0.07172,Africa,2015
123,Mozambique,4.466,0.204,0.986,0.39,0.494,0.138,0.197,Africa,2019
123,Mozambique,4.417,0.198,0.902,0.173,0.531,0.158,0.206,Africa,2018
113,Mozambique,4.55000019,0.23430565,0.87070101,0.10665444,0.48079109,0.17943639,0.3222281,Africa,2017
94,Mozambique,4.971,0.08308,1.02626,0.09131,0.34037,0.15603,0.22269,Africa,2015
131,Myanmar,4.36,0.71,1.181,0.555,0.525,0.172,0.566,Asia,2019
130,Myanmar,4.308,0.682,1.174,0.429,0.58,0.178,0.598,Asia,2018
114,Myanmar,4.54500008,0.36711055,1.12323594,0.39752257,0.51449203,0.1888162,0.83807516,Asia,2017
119,Myanmar,4.395,0.34112,0.69981,0.3988,0.42692,0.20243,0.81971,Asia,2016
129,Myanmar,4.307,0.27108,0.70905,0.48246,0.44017,0.19034,0.79588,Asia,2015
113,Namibia,4.639,0.879,1.313,0.477,0.401,0.056,0.07,Africa,2019
119,Namibia,4.441,0.874,1.281,0.365,0.519,0.064,0.051,Africa,2018
111,Namibia,4.57399988,0.96443433,1.09847081,0.33861181,0.52030355,0.09314697,0.07713374,Africa,2017
113,Namibia,4.574,0.93287,0.70362,0.34745,0.48614,0.10398,0.07795,Africa,2016
100,Nepal,4.913,0.446,1.226,0.677,0.439,0.089,0.285,Asia,2019
101,Nepal,4.88,0.425,1.228,0.539,0.526,0.078,0.302,Asia,2018
99,Nepal,4.96199989,0.47982019,1.17928326,0.50413078,0.44030595,0.07297555,0.39409617,Asia,2017
107,Nepal,4.793,0.44626,0.69699,0.50073,0.37012,0.07008,0.3816,Asia,2016
121,Nepal,4.514,0.35997,0.86449,0.56874,0.38282,0.05907,0.32296,Asia,2015
5,Netherlands,7.488,1.396,1.522,0.999,0.557,0.298,0.322,Europe,2019
6,Netherlands,7.441,1.361,1.488,0.878,0.638,0.295,0.333,Europe,2018
6,Netherlands,7.37699986,1.50394464,1.42893922,0.81069613,0.58538449,0.28266183,0.47048983,Europe,2017
7,Netherlands,7.339,1.46468,1.02912,0.81231,0.55211,0.29927,0.47416,Europe,2016
7,Netherlands,7.378,1.32944,1.28017,0.89284,0.61576,0.31814,0.4761,Europe,2015
8,New Zealand,7.307,1.303,1.557,1.026,0.585,0.38,0.33,Oceania,2019
8,New Zealand,7.324,1.268,1.601,0.876,0.669,0.389,0.365,Oceania,2018
8,New Zealand,7.31400013,1.40570605,1.54819512,0.81675971,0.61406213,0.3828167,0.50000513,Oceania,2017
8,New Zealand,7.334,1.36066,1.17278,0.83096,0.58147,0.41904,0.49401,Oceania,2016
9,New Zealand,7.286,1.25018,1.31967,0.90837,0.63938,0.42922,0.47501,Oceania,2015
45,Nicaragua,6.105,0.694,1.325,0.835,0.435,0.127,0.2,North America,2019
41,Nicaragua,6.141,0.668,1.319,0.7,0.527,0.128,0.208,North America,2018
43,Nicaragua,6.0710001,0.7372992,1.28721571,0.65309596,0.44755185,0.13068798,0.30167422,North America,2017
48,Nicaragua,5.992,0.69384,0.89521,0.65213,0.46582,0.16292,0.29773,North America,2016
57,Nicaragua,5.828,0.59325,1.14184,0.74314,0.55475,0.19317,0.27815,North America,2015
114,Niger,4.628,0.138,0.774,0.366,0.318,0.102,0.188,Africa,2019
134,Niger,4.166,0.131,0.867,0.221,0.39,0.099,0.175,Africa,2018
135,Niger,4.02799988,0.16192533,0.993025,0.26850501,0.3636587,0.13857295,0.22867385,Africa,2017
142,Niger,3.856,0.1327,0.6053,0.26162,0.38041,0.17176,0.2097,Africa,2016
144,Niger,3.845,0.0694,0.77265,0.29707,0.47692,0.15639,0.19387,Africa,2015
85,Nigeria,5.265,0.696,1.111,0.245,0.426,0.041,0.215,Africa,2019
91,Nigeria,5.155,0.689,1.172,0.048,0.462,0.032,0.201,Africa,2018
95,Nigeria,5.07399988,0.78375626,1.21577048,0.05691573,0.39495257,0.02612157,0.2309472,Africa,2017
103,Nigeria,4.875,0.75216,0.64498,0.05108,0.27854,0.0305,0.23219,Africa,2016
78,Nigeria,5.268,0.65435,0.90432,0.16007,0.34334,0.0403,0.27233,Africa,2015
61,North Cyprus,5.80999994,1.34691131,1.18630338,0.83464724,0.47120363,0.15535335,0.2668457,Europe,2017
62,North Cyprus,5.771,1.31141,0.81826,0.84142,0.43596,0.16578,0.26322,Europe,2016
66,North Cyprus,5.695,1.20806,1.07008,0.92356,0.49027,0.1428,0.26169,Europe,2015
84,North Macedonia,5.274,0.983,1.294,0.838,0.345,0.034,0.185,Europe,2019
64,Northern Cyprus,5.718,1.263,1.252,1.042,0.417,0.162,0.191,Europe,2019
58,Northern Cyprus,5.835,1.229,1.211,0.909,0.495,0.154,0.179,Europe,2018
3,Norway,7.554,1.488,1.582,1.028,0.603,0.341,0.271,Europe,2019
2,Norway,7.594,1.456,1.582,0.861,0.686,0.34,0.286,Europe,2018
1,Norway,7.53700018,1.61646318,1.53352356,0.7966665,0.63542259,0.31596383,0.36201224,Europe,2017
4,Norway,7.498,1.57744,1.1269,0.79579,0.59609,0.35776,0.37895,Europe,2016
4,Norway,7.522,1.459,1.33095,0.88521,0.66973,0.36503,0.34699,Europe,2015
22,Oman,6.853,1.36011,1.08182,0.76276,0.63274,0.32524,0.21542,Asia,2015
67,Pakistan,5.653,0.677,0.886,0.535,0.313,0.098,0.22,Asia,2019
75,Pakistan,5.472,0.652,0.81,0.424,0.334,0.113,0.216,Asia,2018
80,Pakistan,5.26900005,0.72688353,0.67269069,0.40204778,0.23521526,0.12434807,0.31544602,Asia,2017
92,Pakistan,5.132,0.68816,0.26135,0.40306,0.14622,0.1388,0.31185,Asia,2016
81,Pakistan,5.194,0.59543,0.41411,0.51466,0.12102,0.10464,0.33671,Asia,2015
110,Palestinian Territories,4.696,0.657,1.247,0.672,0.225,0.066,0.103,Asia,2019
104,Palestinian Territories,4.743,0.642,1.217,0.602,0.266,0.076,0.086,Asia,2018
103,Palestinian Territories,4.7750001,0.71624923,1.15564716,0.56566697,0.25471106,0.0892826,0.11417317,Asia,2017
108,Palestinian Territories,4.754,0.67024,0.71629,0.56844,0.17744,0.10613,0.11154,Asia,2016
108,Palestinian Territories,4.715,0.59867,0.92558,0.66015,0.24499,0.12905,0.11251,Asia,2015
31,Panama,6.321,1.149,1.442,0.91,0.516,0.054,0.109,North America,2019
27,Panama,6.43,1.112,1.438,0.759,0.597,0.063,0.125,North America,2018
30,Panama,6.45200014,1.23374844,1.37319255,0.70615613,0.55002683,0.07098392,0.21055694,North America,2017
25,Panama,6.701,1.18306,0.98912,0.70835,0.48927,0.08423,0.2418,North America,2016
25,Panama,6.786,1.06353,1.1985,0.79661,0.5421,0.0927,0.24434,North America,2015
63,Paraguay,5.743,0.855,1.475,0.777,0.514,0.08,0.184,South America,2019
64,Paraguay,5.681,0.835,1.522,0.615,0.541,0.074,0.162,South America,2018
70,Paraguay,5.49300003,0.93253732,1.50728488,0.57925069,0.47350779,0.09106591,0.22415066,South America,2017
70,Paraguay,5.538,0.89373,1.11111,0.58295,0.46235,0.07396,0.25296,South America,2016
53,Paraguay,5.878,0.75985,1.30477,0.66098,0.53899,0.08242,0.3424,South America,2015
65,Peru,5.697,0.96,1.274,0.854,0.455,0.027,0.083,South America,2019
65,Peru,5.663,0.934,1.249,0.674,0.53,0.034,0.092,South America,2018
63,Peru,5.71500015,1.03522527,1.21877038,0.63016611,0.45000288,0.04704909,0.12681971,South America,2017
64,Peru,5.743,0.99602,0.81255,0.62994,0.37502,0.05292,0.14527,South America,2016
58,Peru,5.824,0.90019,0.97459,0.73017,0.41496,0.05989,0.14982,South America,2015
69,Philippines,5.631,0.807,1.293,0.657,0.558,0.107,0.117,Asia,2019
71,Philippines,5.524,0.775,1.312,0.513,0.643,0.105,0.12,Asia,2018
72,Philippines,5.42999983,0.85769922,1.25391757,0.46800905,0.58521467,0.09933189,0.19351342,Asia,2017
82,Philippines,5.279,0.81217,0.87877,0.47036,0.54854,0.11757,0.21674,Asia,2016
90,Philippines,5.073,0.70532,1.03516,0.58114,0.62545,0.12279,0.24991,Asia,2015
40,Poland,6.182,1.206,1.438,0.884,0.483,0.05,0.117,Europe,2019
42,Poland,6.123,1.176,1.448,0.781,0.546,0.064,0.108,Europe,2018
46,Poland,5.97300005,1.29178786,1.44571197,0.69947535,0.52034211,0.05930781,0.15846597,Europe,2017
57,Poland,5.835,1.24585,1.04685,0.69058,0.4519,0.055,0.14443,Europe,2016
60,Poland,5.791,1.12555,1.27948,0.77903,0.53122,0.04212,0.16759,Europe,2015
66,Portugal,5.693,1.221,1.431,0.999,0.508,0.025,0.047,Europe,2019
77,Portugal,5.41,1.188,1.429,0.884,0.562,0.017,0.055,Europe,2018
89,Portugal,5.19500017,1.31517529,1.36704302,0.79584354,0.4984653,0.01586945,0.09510271,Europe,2017
94,Portugal,5.123,1.27607,0.94367,0.79363,0.44727,0.01521,0.11691,Europe,2016
88,Portugal,5.102,1.15991,1.13935,0.87519,0.51469,0.01078,0.13719,Europe,2015
15,Puerto Rico,7.039,1.35943,1.08113,0.77758,0.46823,0.12275,0.22202,Europe,2016
29,Qatar,6.374,1.684,1.313,0.871,0.555,0.167,0.22,Asia,2019
32,Qatar,6.374,1.649,1.303,0.748,0.654,0.171,0.256,Asia,2018
35,Qatar,6.375,1.87076569,1.27429688,0.71009809,0.60413098,0.43929926,0.33047387,Asia,2017
36,Qatar,6.375,1.82427,0.87964,0.71723,0.56679,0.48049,0.32388,Asia,2016
28,Qatar,6.611,1.69042,1.0786,0.79733,0.6404,0.52208,0.32573,Asia,2015
48,Romania,6.07,1.162,1.232,0.825,0.462,0.005,0.083,Europe,2019
52,Romania,5.945,1.116,1.219,0.726,0.528,0.001,0.088,Europe,2018
57,Romania,5.82499981,1.21768391,1.15009129,0.68515831,0.45700374,0.0043879,0.13351992,Europe,2017
71,Romania,5.528,1.1697,0.72803,0.67602,0.36712,0.00679,0.12889,Europe,2016
86,Romania,5.124,1.04345,0.88588,0.7689,0.35068,0.00649,0.13748,Europe,2015
68,Russia,5.648,1.183,1.452,0.726,0.334,0.031,0.082,Europe,2019
59,Russia,5.81,1.151,1.479,0.599,0.399,0.025,0.065,Europe,2018
49,Russia,5.96299982,1.2817781,1.46928239,0.54734933,0.37378311,0.03296288,0.05226382,Europe,2017
56,Russia,5.856,1.23228,1.05261,0.58991,0.32682,0.03586,0.02736,Europe,2016
64,Russia,5.716,1.13764,1.23617,0.66926,0.36679,0.03005,0.00199,Europe,2015
152,Rwanda,3.334,0.359,0.711,0.614,0.555,0.411,0.217,Africa,2019
151,Rwanda,3.408,0.332,0.896,0.4,0.636,0.444,0.2,Africa,2018
151,Rwanda,3.47099996,0.36874589,0.94570702,0.32642481,0.58184385,0.45522001,0.25275603,Africa,2017
152,Rwanda,3.515,0.32846,0.61586,0.31865,0.5432,0.50521,0.23552,Africa,2016
154,Rwanda,3.465,0.22208,0.7737,0.42864,0.59201,0.55191,0.22628,Africa,2015
28,Saudi Arabia,6.375,1.403,1.357,0.795,0.439,0.132,0.08,Asia,2019
33,Saudi Arabia,6.371,1.379,1.331,0.633,0.509,0.127,0.098,Asia,2018
37,Saudi Arabia,6.34399986,1.53062356,1.2866776,0.59014833,0.44975057,0.27343225,0.14761601,Asia,2017
34,Saudi Arabia,6.379,1.48953,0.84829,0.59267,0.37904,0.30008,0.15457,Asia,2016
35,Saudi Arabia,6.411,1.39541,1.08393,0.72025,0.31048,0.32524,0.13706,Asia,2015
111,Senegal,4.681,0.45,1.134,0.571,0.292,0.072,0.153,Africa,2019
109,Senegal,4.631,0.429,1.117,0.433,0.406,0.082,0.138,Africa,2018
115,Senegal,4.53499985,0.47930902,1.17969191,0.40936285,0.37792227,0.11546045,0.18346889,Africa,2017
128,Senegal,4.219,0.44314,0.77416,0.40457,0.31056,0.11681,0.19103,Africa,2016
142,Senegal,3.904,0.36498,0.97619,0.4354,0.36772,0.10713,0.20843,Africa,2015
70,Serbia,5.603,1.004,1.383,0.854,0.282,0.039,0.137,Europe,2019
78,Serbia,5.398,0.975,1.369,0.685,0.288,0.043,0.134,Europe,2018
73,Serbia,5.39499998,1.06931758,1.2581898,0.65078467,0.20871553,0.04090378,0.22012588,Europe,2017
86,Serbia,5.177,1.03437,0.81329,0.6458,0.15718,0.04339,0.20737,Europe,2016
87,Serbia,5.123,0.92053,1.00964,0.74836,0.20107,0.02617,0.19231,Europe,2015
129,Sierra Leone,4.374,0.268,0.841,0.242,0.309,0.045,0.252,Africa,2019
113,Sierra Leone,4.571,0.256,0.813,0,0.355,0.053,0.238,Africa,2018
106,Sierra Leone,4.70900011,0.36842093,0.98413604,0.00556475,0.31869769,0.07109518,0.2930409,Africa,2017
111,Sierra Leone,4.635,0.36485,0.628,0,0.30685,0.08196,0.23897,Africa,2016
123,Sierra Leone,4.507,0.33024,0.95571,0,0.4084,0.08786,0.21488,Africa,2015
34,Singapore,6.262,1.572,1.463,1.141,0.556,0.453,0.271,Asia,2019
34,Singapore,6.343,1.529,1.451,1.008,0.631,0.457,0.261,Asia,2018
26,Singapore,6.57200003,1.69227767,1.35381436,0.94949239,0.54984057,0.46430779,0.34596598,Asia,2017
22,Singapore,6.739,1.64555,0.86758,0.94719,0.4877,0.46987,0.32706,Asia,2016
24,Singapore,6.798,1.52186,1.02,1.02525,0.54252,0.4921,0.31105,Asia,2015
38,Slovakia,6.198,1.246,1.504,0.881,0.334,0.014,0.121,Europe,2019
39,Slovakia,6.173,1.21,1.537,0.776,0.354,0.014,0.118,Europe,2018
40,Slovakia,6.09800005,1.32539356,1.50505924,0.71273291,0.29581746,0.02421085,0.13654448,Europe,2017
45,Slovakia,6.078,1.27973,1.08268,0.70367,0.23391,0.02947,0.13837,Europe,2016
45,Slovakia,5.995,1.16891,1.26999,0.78902,0.31751,0.03431,0.16893,Europe,2015
44,Slovenia,6.118,1.258,1.523,0.953,0.564,0.057,0.144,Europe,2019
51,Slovenia,5.948,1.219,1.506,0.856,0.633,0.051,0.16,Europe,2018
62,Slovenia,5.7579999,1.34120595,1.45251882,0.79082823,0.57257581,0.04512898,0.24264909,Europe,2017
63,Slovenia,5.768,1.29947,1.05613,0.79151,0.53164,0.03635,0.25738,Europe,2016
55,Slovenia,5.848,1.18498,1.27385,0.87337,0.60855,0.03787,0.25328,Europe,2015
112,Somalia,4.668,0,0.698,0.268,0.559,0.27,0.243,Africa,2019
98,Somalia,4.982,0,0.712,0.115,0.674,0.282,0.238,Africa,2018
93,Somalia,5.15100002,0.02264318,0.72115135,0.11398914,0.60212696,0.28241032,0.29163131,Africa,2017
76,Somalia,5.44,0,0.33613,0.11466,0.56778,0.3118,0.27225,Africa,2016
97,Somaliland Region,5.057,0.25558,0.75862,0.33108,0.3913,0.36794,0.51479,Africa,2016
91,Somaliland region,5.057,0.18847,0.95152,0.43873,0.46582,0.39928,0.50318,Africa,2015
106,South Africa,4.722,0.96,1.351,0.469,0.389,0.055,0.13,Africa,2019
105,South Africa,4.724,0.94,1.41,0.33,0.516,0.056,0.103,Africa,2018
101,South Africa,4.829,1.05469871,1.38478863,0.18708007,0.47924674,0.0725095,0.13936238,Africa,2017
116,South Africa,4.459,1.02416,0.96053,0.18611,0.42483,0.08415,0.13656,Africa,2016
113,South Africa,4.642,0.92049,1.18468,0.27688,0.33207,0.08884,0.11973,Africa,2015
54,South Korea,5.895,1.301,1.219,1.036,0.159,0.056,0.175,Asia,2019
57,South Korea,5.875,1.266,1.204,0.955,0.244,0.051,0.175,Asia,2018
55,South Korea,5.83799982,1.40167844,1.12827444,0.90021408,0.25792167,0.06328267,0.20667437,Asia,2017
57,South Korea,5.835,1.35948,0.72194,0.88645,0.25168,0.07716,0.18824,Asia,2016
47,South Korea,5.984,1.24461,0.95774,0.96538,0.33208,0.07857,0.18557,Asia,2015
156,South Sudan,2.853,0.306,0.575,0.295,0.01,0.091,0.202,Africa,2019
154,South Sudan,3.254,0.337,0.608,0.177,0.112,0.106,0.224,Africa,2018
147,South Sudan,3.59100008,0.39724863,0.60132313,0.163486,0.14706244,0.11679351,0.28567082,Africa,2017
143,South Sudan,3.832,0.39394,0.18519,0.15781,0.19662,0.13015,0.25899,Africa,2016
30,Spain,6.354,1.286,1.484,1.062,0.362,0.079,0.153,Europe,2019
36,Spain,6.31,1.251,1.538,0.965,0.449,0.074,0.142,Europe,2018
34,Spain,6.40299988,1.38439786,1.5320909,0.8889606,0.40878123,0.0709141,0.19013357,Europe,2017
37,Spain,6.361,1.34253,1.12945,0.87896,0.37545,0.06137,0.17665,Europe,2016
36,Spain,6.329,1.23011,1.31379,0.95562,0.45951,0.06398,0.18227,Europe,2015
130,Sri Lanka,4.366,0.949,1.265,0.831,0.47,0.047,0.244,Asia,2019
116,Sri Lanka,4.471,0.918,1.314,0.672,0.585,0.05,0.307,Asia,2018
120,Sri Lanka,4.44000006,1.00985014,1.25997639,0.62513083,0.56121325,0.07365397,0.49086356,Asia,2017
117,Sri Lanka,4.415,0.97318,0.84783,0.62007,0.50817,0.07964,0.46978,Asia,2016
132,Sri Lanka,4.271,0.83524,1.01905,0.70806,0.53726,0.09179,0.40828,Asia,2015
137,Sudan,4.139,0.605,1.24,0.312,0.016,0.082,0.134,Africa,2018
130,Sudan,4.13899994,0.65951669,1.21400857,0.29092082,0.01499586,0.08984752,0.18231745,Africa,2017
133,Sudan,4.139,0.63069,0.81928,0.29759,0,0.10039,0.18077,Africa,2016
118,Sudan,4.55,0.52107,1.01404,0.36878,0.10081,0.1466,0.19062,Africa,2015
40,Suriname,6.269,1.09686,0.77866,0.50933,0.52234,0.12692,0.16665,Africa,2016
40,Suriname,6.269,0.99534,0.972,0.6082,0.59657,0.13633,0.16991,Africa,2015
135,Swaziland,4.212,0.811,1.149,0,0.313,0.135,0.074,Africa,2019
101,Swaziland,4.867,0.71206,1.07284,0.07566,0.30658,0.0306,0.18259,Africa,2015
7,Sweden,7.343,1.387,1.487,1.009,0.574,0.373,0.267,Europe,2019
9,Sweden,7.314,1.355,1.501,0.913,0.659,0.383,0.285,Europe,2018
9,Sweden,7.28399992,1.49438727,1.47816217,0.83087516,0.6129241,0.38439873,0.38539925,Europe,2017
10,Sweden,7.291,1.45181,1.08764,0.83121,0.58218,0.40867,0.38254,Europe,2016
8,Sweden,7.364,1.33171,1.28907,0.91087,0.6598,0.43844,0.36262,Europe,2015
6,Switzerland,7.48,1.452,1.526,1.052,0.572,0.343,0.263,Europe,2019
5,Switzerland,7.487,1.42,1.549,0.927,0.66,0.357,0.256,Europe,2018
4,Switzerland,7.49399996,1.56497955,1.51691175,0.85813129,0.62007058,0.36700729,0.29054928,Europe,2017
2,Switzerland,7.509,1.52733,1.14524,0.86303,0.58557,0.41203,0.28083,Europe,2016
1,Switzerland,7.587,1.39651,1.34951,0.94143,0.66557,0.41978,0.29678,Europe,2015
149,Syria,3.462,0.619,0.378,0.44,0.013,0.141,0.331,Asia,2019
150,Syria,3.462,0.689,0.382,0.539,0.088,0.144,0.376,Asia,2018
152,Syria,3.46199989,0.77715313,0.39610261,0.50053334,0.08153944,0.15134713,0.49366373,Asia,2017
156,Syria,3.069,0.74719,0.14866,0.62994,0.06912,0.17233,0.48397,Asia,2016
156,Syria,3.006,0.6632,0.47489,0.72193,0.15684,0.18906,0.47179,Asia,2015
25,Taiwan,6.446,1.368,1.43,0.914,0.351,0.097,0.242,Asia,2019
26,Taiwan,6.441,1.365,1.436,0.857,0.418,0.078,0.151,Asia,2018
34,Taiwan,6.379,1.39729,0.92624,0.79565,0.32377,0.0663,0.25495,Asia,2016
38,Taiwan,6.298,1.29098,1.07617,0.8753,0.3974,0.08129,0.25376,Asia,2015
33,Taiwan Province of China,6.42199993,1.43362653,1.38456535,0.79398423,0.36146659,0.06382924,0.25836048,Asia,2017
74,Tajikistan,5.467,0.493,1.098,0.718,0.389,0.144,0.23,Asia,2019
88,Tajikistan,5.199,0.474,1.166,0.598,0.292,0.034,0.187,Asia,2018
96,Tajikistan,5.04099989,0.52471364,1.27146327,0.52923512,0.47156671,0.14637715,0.24899764,Asia,2017
100,Tajikistan,4.996,0.48835,0.75602,0.53119,0.43408,0.13509,0.25998,Asia,2016
106,Tajikistan,4.786,0.39047,0.85563,0.57379,0.47216,0.15072,0.22974,Asia,2015
153,Tanzania,3.231,0.476,0.885,0.499,0.417,0.147,0.276,Africa,2019
153,Tanzania,3.303,0.455,0.991,0.381,0.481,0.097,0.27,Africa,2018
153,Tanzania,3.34899998,0.51113588,1.0419898,0.36450928,0.39001778,0.06603511,0.35425636,Africa,2017
149,Tanzania,3.666,0.47155,0.77623,0.357,0.3176,0.05099,0.31472,Africa,2016
146,Tanzania,3.781,0.2852,1.00268,0.38215,0.32878,0.05747,0.34377,Africa,2015
52,Thailand,6.008,1.05,1.409,0.828,0.557,0.028,0.359,Asia,2019
46,Thailand,6.072,1.016,1.417,0.707,0.637,0.029,0.364,Asia,2018
32,Thailand,6.42399979,1.12786877,1.42579246,0.64723903,0.58020073,0.03161274,0.57212311,Asia,2017
33,Thailand,6.474,1.0893,1.04477,0.64915,0.49553,0.02833,0.58696,Asia,2016
34,Thailand,6.455,0.9669,1.26504,0.7385,0.55664,0.03187,0.5763,Asia,2015
139,Togo,4.085,0.275,0.572,0.41,0.293,0.085,0.177,Africa,2019
139,Togo,3.999,0.259,0.474,0.253,0.434,0.101,0.158,Africa,2018
150,Togo,3.49499989,0.30544472,0.43188253,0.24710557,0.38042614,0.09566502,0.19689615,Africa,2017
155,Togo,3.303,0.28123,0,0.24811,0.34678,0.11587,0.17517,Africa,2016
158,Togo,2.839,0.20868,0.13995,0.28443,0.36453,0.10731,0.16681,Africa,2015
39,Trinidad & Tobago,6.192,1.231,1.477,0.713,0.489,0.016,0.185,South America,2019
38,Trinidad & Tobago,6.192,1.223,1.492,0.564,0.575,0.019,0.171,South America,2018
38,Trinidad and Tobago,6.16800022,1.3613559,1.38022852,0.51998329,0.51863074,0.00896482,0.32529646,South America,2017
43,Trinidad and Tobago,6.168,1.32572,0.98569,0.52608,0.48453,0.01241,0.31935,South America,2016
41,Trinidad and Tobago,6.168,1.21183,1.18354,0.61483,0.55884,0.0114,0.31844,South America,2015
124,Tunisia,4.461,0.921,1,0.815,0.167,0.055,0.059,Africa,2019
111,Tunisia,4.592,0.9,0.906,0.69,0.271,0.063,0.04,Africa,2018
102,Tunisia,4.80499983,1.00726581,0.86835146,0.61321205,0.28968069,0.08672315,0.04969336,Africa,2017
98,Tunisia,5.045,0.97724,0.43165,0.59577,0.23553,0.0817,0.03936,Africa,2016
107,Tunisia,4.739,0.88113,0.60429,0.73793,0.26268,0.06358,0.06431,Africa,2015
79,Turkey,5.373,1.183,1.36,0.808,0.195,0.106,0.083,Europe,2019
74,Turkey,5.483,1.148,1.38,0.686,0.324,0.109,0.106,Europe,2018
69,Turkey,5.5,1.19827437,1.33775318,0.63760561,0.3007406,0.09967158,0.04669304,Europe,2017
78,Turkey,5.389,1.16492,0.87717,0.64718,0.23889,0.12348,0.04707,Europe,2016
76,Turkey,5.332,1.06098,0.94632,0.73172,0.22815,0.15746,0.12253,Europe,2015
87,Turkmenistan,5.247,1.052,1.538,0.657,0.394,0.028,0.244,Asia,2019
68,Turkmenistan,5.636,1.016,1.533,0.517,0.417,0.037,0.199,Asia,2018
59,Turkmenistan,5.82200003,1.13077676,1.49314916,0.43772608,0.41827193,0.25927034,0.24992499,Asia,2017
65,Turkmenistan,5.658,1.08017,1.03817,0.44006,0.37408,0.28467,0.22567,Asia,2016
70,Turkmenistan,5.548,0.95847,1.22668,0.53886,0.4761,0.30844,0.16979,Asia,2015
136,Uganda,4.189,0.332,1.069,0.443,0.356,0.06,0.252,Africa,2019
135,Uganda,4.161,0.322,1.09,0.237,0.45,0.061,0.259,Africa,2018
133,Uganda,4.08099985,0.38143072,1.12982774,0.21763261,0.44318596,0.05706972,0.32576606,Africa,2017
145,Uganda,3.739,0.34719,0.90981,0.19625,0.43653,0.06442,0.27102,Africa,2016
141,Uganda,3.931,0.21102,1.13299,0.33861,0.45727,0.07267,0.29066,Africa,2015
133,Ukraine,4.332,0.82,1.39,0.739,0.178,0.01,0.187,Europe,2019
138,Ukraine,4.103,0.793,1.413,0.609,0.163,0.011,0.187,Europe,2018
132,Ukraine,4.09600019,0.89465195,1.39453757,0.57590395,0.12297478,0.02302947,0.27006146,Europe,2017
123,Ukraine,4.324,0.87287,1.01413,0.58628,0.12859,0.01829,0.20363,Europe,2016
111,Ukraine,4.681,0.79907,1.20278,0.6739,0.25123,0.02961,0.15275,Europe,2015
21,United Arab Emirates,6.825,1.503,1.31,0.825,0.598,0.182,0.262,Asia,2019
20,United Arab Emirates,6.774,2.096,0.776,0.67,0.284,N/A,0.186,Asia,2018
21,United Arab Emirates,6.64799976,1.62634337,1.26641023,0.72679824,0.60834527,0.32448956,0.36094195,Asia,2017
28,United Arab Emirates,6.573,1.57352,0.87114,0.72993,0.56215,0.35561,0.26591,Asia,2016
20,United Arab Emirates,6.901,1.42727,1.12575,0.80925,0.64157,0.38583,0.26428,Asia,2015
15,United Kingdom,7.054,1.333,1.538,0.996,0.45,0.278,0.348,Europe,2019
11,United Kingdom,7.19,1.244,1.433,0.888,0.464,0.082,0.262,Europe,2018
19,United Kingdom,6.71400023,1.44163394,1.49646008,0.80533594,0.50819004,0.26542807,0.49277416,Europe,2017
23,United Kingdom,6.725,1.40283,1.08672,0.80991,0.50036,0.27399,0.50156,Europe,2016
21,United Kingdom,6.867,1.26637,1.28548,0.90943,0.59625,0.32067,0.51912,Europe,2015
19,United States,6.892,1.433,1.457,0.874,0.454,0.128,0.28,North America,2019
18,United States,6.886,1.398,1.471,0.819,0.547,0.133,0.291,North America,2018
14,United States,6.99300003,1.54625928,1.41992056,0.77428663,0.50574052,0.13563879,0.39257878,North America,2017
13,United States,7.104,1.50796,1.04782,0.779,0.48163,0.14868,0.41077,North America,2016
15,United States,7.119,1.39451,1.24711,0.86179,0.54604,0.1589,0.40105,North America,2015
33,Uruguay,6.293,1.124,1.465,0.891,0.523,0.15,0.127,South America,2019
31,Uruguay,6.379,1.093,1.459,0.771,0.625,0.155,0.13,South America,2018
28,Uruguay,6.454,1.2175597,1.41222787,0.71921682,0.57939225,0.17806187,0.17509693,South America,2017
29,Uruguay,6.545,1.18157,1.03143,0.72183,0.54388,0.21394,0.18056,South America,2016
32,Uruguay,6.485,1.06166,1.2089,0.8116,0.60362,0.24558,0.2324,South America,2015
41,Uzbekistan,6.174,0.745,1.529,0.756,0.631,0.24,0.322,Asia,2019
44,Uzbekistan,6.096,0.719,1.584,0.605,0.724,0.259,0.328,Asia,2018
47,Uzbekistan,5.97100019,0.78644109,1.54896915,0.49827263,0.65824866,0.24652822,0.41598365,Asia,2017
49,Uzbekistan,5.987,0.73591,1.1681,0.50163,0.60848,0.28333,0.34326,Asia,2016
44,Uzbekistan,6.003,0.63244,1.34043,0.59772,0.65821,0.30826,0.22837,Asia,2015
108,Venezuela,4.707,0.96,1.427,0.805,0.154,0.047,0.064,South America,2019
102,Venezuela,4.806,0.996,1.469,0.657,0.133,0.052,0.056,South America,2018
82,Venezuela,5.25,1.1284312,1.43133759,0.61714423,0.15399712,0.06449112,0.06501963,South America,2017
44,Venezuela,6.084,1.13367,1.03302,0.61904,0.19847,0.08304,0.0425,South America,2016
23,Venezuela,6.81,1.04424,1.25596,0.72052,0.42908,0.11069,0.05841,South America,2015
94,Vietnam,5.175,0.741,1.346,0.851,0.543,0.073,0.147,Asia,2019
95,Vietnam,5.103,0.715,1.365,0.702,0.618,0.079,0.177,Asia,2018
94,Vietnam,5.07399988,0.78854758,1.27749133,0.65216899,0.57105559,0.08763324,0.23496805,Asia,2017
96,Vietnam,5.061,0.74037,0.79117,0.66157,0.55954,0.11556,0.25075,Asia,2016
75,Vietnam,5.36,0.63216,0.91226,0.74676,0.59444,0.10441,0.1686,Asia,2015
151,Yemen,3.38,0.287,1.163,0.463,0.143,0.077,0.108,Asia,2019
152,Yemen,3.355,0.442,1.073,0.343,0.244,0.064,0.083,Asia,2018
146,Yemen,3.59299994,0.59168345,0.93538225,0.31008092,0.24946372,0.05676742,0.10412521,Asia,2017
147,Yemen,3.724,0.57939,0.47493,0.31048,0.2287,0.05892,0.09821,Asia,2016
136,Yemen,4.077,0.54649,0.68093,0.40064,0.35571,0.07854,0.09131,Asia,2015
138,Zambia,4.107,0.578,1.058,0.426,0.431,0.087,0.247,Africa,2019
125,Zambia,4.377,0.562,1.047,0.295,0.503,0.082,0.221,Africa,2018
116,Zambia,4.51399994,0.63640678,1.0031873,0.25783589,0.46160349,0.07821355,0.24958014,Africa,2017
106,Zambia,4.795,0.61202,0.6376,0.23573,0.42662,0.11479,0.17866,Africa,2016
85,Zambia,5.129,0.47038,0.91612,0.29924,0.48827,0.12468,0.19591,Africa,2015
146,Zimbabwe,3.663,0.366,1.114,0.433,0.361,0.089,0.151,Africa,2019
144,Zimbabwe,3.692,0.357,1.094,0.248,0.406,0.099,0.132,Africa,2018
138,Zimbabwe,3.875,0.37584653,1.08309591,0.19676375,0.33638421,0.09537538,0.18914349,Africa,2017
131,Zimbabwe,4.193,0.35041,0.71478,0.1595,0.25429,0.08582,0.18503,Africa,2016
115,Zimbabwe,4.61,0.271,1.03276,0.33475,0.25861,0.08079,0.18987,Africa,2015